[
  {
    "province": "北京",
    "city": [
      {
        "country": "北京",
        "code": "101010100"
      },
      {
        "country": "朝阳",
        "code": "101010300"
      },
      {
        "country": "顺义",
        "code": "101010400"
      },
      {
        "country": "怀柔",
        "code": "101010500"
      },
      {
        "country": "通州",
        "code": "101010600"
      },
      {
        "country": "昌平",
        "code": "101010700"
      },
      {
        "country": "延庆",
        "code": "101010800"
      },
      {
        "country": "丰台",
        "code": "101010900"
      },
      {
        "country": "石景山",
        "code": "101011000"
      },
      {
        "country": "大兴",
        "code": "101011100"
      },
      {
        "country": "房山",
        "code": "101011200"
      },
      {
        "country": "密云",
        "code": "101011300"
      },
      {
        "country": "门头沟",
        "code": "101011400"
      },
      {
        "country": "平谷",
        "code": "101011500"
      },
      {
        "country": "八达岭",
        "code": "101011600"
      },
      {
        "country": "佛爷顶",
        "code": "101011700"
      },
      {
        "country": "汤河口",
        "code": "101011800"
      },
      {
        "country": "密云上甸子",
        "code": "101011900"
      },
      {
        "country": "斋堂",
        "code": "101012000"
      },
      {
        "country": "霞云岭",
        "code": "101012100"
      },
      {
        "country": "北京城区",
        "code": "101012200"
      },
      {
        "country": "海淀",
        "code": "101010200"
      }
    ]
  },
  {
    "province": "天津市",
    "city": [
      {
        "country": "天津",
        "code": "101030100"
      },
      {
        "country": "宝坻",
        "code": "101030300"
      },
      {
        "country": "东丽",
        "code": "101030400"
      },
      {
        "country": "西青",
        "code": "101030500"
      },
      {
        "country": "北辰",
        "code": "101030600"
      },
      {
        "country": "蓟县",
        "code": "101031400"
      },
      {
        "country": "汉沽",
        "code": "101030800"
      },
      {
        "country": "静海",
        "code": "101030900"
      },
      {
        "country": "津南",
        "code": "101031000"
      },
      {
        "country": "塘沽",
        "code": "101031100"
      },
      {
        "country": "大港",
        "code": "101031200"
      },
      {
        "country": "武清",
        "code": "101030200"
      },
      {
        "country": "宁河",
        "code": "101030700"
      }
    ]
  },
  {
    "province": "上海",
    "city": [
      {
        "country": "上海",
        "code": "101020100"
      },
      {
        "country": "宝山",
        "code": "101020300"
      },
      {
        "country": "嘉定",
        "code": "101020500"
      },
      {
        "country": "南汇",
        "code": "101020600"
      },
      {
        "country": "浦东",
        "code": "101021300"
      },
      {
        "country": "青浦",
        "code": "101020800"
      },
      {
        "country": "松江",
        "code": "101020900"
      },
      {
        "country": "奉贤",
        "code": "101021000"
      },
      {
        "country": "崇明",
        "code": "101021100"
      },
      {
        "country": "徐家汇",
        "code": "101021200"
      },
      {
        "country": "闵行",
        "code": "101020200"
      },
      {
        "country": "金山",
        "code": "101020700"
      }
    ]
  },
  {
    "province": "河北",
    "city": [
      {
        "country": "石家庄",
        "code": "101090101"
      },
      {
        "country": "张家口",
        "code": "101090301"
      },
      {
        "country": "承德",
        "code": "101090402"
      },
      {
        "country": "唐山",
        "code": "101090501"
      },
      {
        "country": "秦皇岛",
        "code": "101091101"
      },
      {
        "country": "沧州",
        "code": "101090701"
      },
      {
        "country": "衡水",
        "code": "101090801"
      },
      {
        "country": "邢台",
        "code": "101090901"
      },
      {
        "country": "邯郸",
        "code": "101091001"
      },
      {
        "country": "保定",
        "code": "101090201"
      },
      {
        "country": "廊坊",
        "code": "101090601"
      }
    ]
  },
  {
    "province": "河南",
    "city": [
      {
        "country": "郑州",
        "code": "101180101"
      },
      {
        "country": "新乡",
        "code": "101180301"
      },
      {
        "country": "许昌",
        "code": "101180401"
      },
      {
        "country": "平顶山",
        "code": "101180501"
      },
      {
        "country": "信阳",
        "code": "101180601"
      },
      {
        "country": "南阳",
        "code": "101180701"
      },
      {
        "country": "开封",
        "code": "101180801"
      },
      {
        "country": "洛阳",
        "code": "101180901"
      },
      {
        "country": "商丘",
        "code": "101181001"
      },
      {
        "country": "焦作",
        "code": "101181101"
      },
      {
        "country": "鹤壁",
        "code": "101181201"
      },
      {
        "country": "濮阳",
        "code": "101181301"
      },
      {
        "country": "周口",
        "code": "101181401"
      },
      {
        "country": "漯河",
        "code": "101181501"
      },
      {
        "country": "驻马店",
        "code": "101181601"
      },
      {
        "country": "三门峡",
        "code": "101181701"
      },
      {
        "country": "济源",
        "code": "101181801"
      },
      {
        "country": "安阳",
        "code": "101180201"
      }
    ]
  },
  {
    "province": "安徽",
    "city": [
      {
        "country": "合肥",
        "code": "101220101"
      },
      {
        "country": "芜湖",
        "code": "101220301"
      },
      {
        "country": "淮南",
        "code": "101220401"
      },
      {
        "country": "马鞍山",
        "code": "101220501"
      },
      {
        "country": "安庆",
        "code": "101220601"
      },
      {
        "country": "宿州",
        "code": "101220701"
      },
      {
        "country": "阜阳",
        "code": "101220801"
      },
      {
        "country": "亳州",
        "code": "101220901"
      },
      {
        "country": "黄山",
        "code": "101221001"
      },
      {
        "country": "滁州",
        "code": "101221101"
      },
      {
        "country": "淮北",
        "code": "101221201"
      },
      {
        "country": "铜陵",
        "code": "101221301"
      },
      {
        "country": "宣城",
        "code": "101221401"
      },
      {
        "country": "六安",
        "code": "101221501"
      },
      {
        "country": "巢湖",
        "code": "101221601"
      },
      {
        "country": "池州",
        "code": "101221701"
      },
      {
        "country": "蚌埠",
        "code": "101220201"
      }
    ]
  },
  {
    "province": "浙江",
    "city": [
      {
        "country": "杭州",
        "code": "101210101"
      },
      {
        "country": "舟山",
        "code": "101211101"
      },
      {
        "country": "湖州",
        "code": "101210201"
      },
      {
        "country": "嘉兴",
        "code": "101210301"
      },
      {
        "country": "金华",
        "code": "101210901"
      },
      {
        "country": "绍兴",
        "code": "101210501"
      },
      {
        "country": "台州",
        "code": "101210601"
      },
      {
        "country": "温州",
        "code": "101210701"
      },
      {
        "country": "丽水",
        "code": "101210801"
      },
      {
        "country": "衢州",
        "code": "101211001"
      },
      {
        "country": "宁波",
        "code": "101210401"
      }
    ]
  },
  {
    "province": "重庆",
    "city": [
      {
        "country": "重庆",
        "code": "101040100"
      },
      {
        "country": "合川",
        "code": "101040300"
      },
      {
        "country": "南川",
        "code": "101040400"
      },
      {
        "country": "江津",
        "code": "101040500"
      },
      {
        "country": "万盛",
        "code": "101040600"
      },
      {
        "country": "渝北",
        "code": "101040700"
      },
      {
        "country": "北碚",
        "code": "101040800"
      },
      {
        "country": "巴南",
        "code": "101040900"
      },
      {
        "country": "长寿",
        "code": "101041000"
      },
      {
        "country": "黔江",
        "code": "101041100"
      },
      {
        "country": "万州天城",
        "code": "101041200"
      },
      {
        "country": "万州龙宝",
        "code": "101041300"
      },
      {
        "country": "涪陵",
        "code": "101041400"
      },
      {
        "country": "开县",
        "code": "101041500"
      },
      {
        "country": "城口",
        "code": "101041600"
      },
      {
        "country": "云阳",
        "code": "101041700"
      },
      {
        "country": "巫溪",
        "code": "101041800"
      },
      {
        "country": "奉节",
        "code": "101041900"
      },
      {
        "country": "巫山",
        "code": "101042000"
      },
      {
        "country": "潼南",
        "code": "101042100"
      },
      {
        "country": "垫江",
        "code": "101042200"
      },
      {
        "country": "梁平",
        "code": "101042300"
      },
      {
        "country": "忠县",
        "code": "101042400"
      },
      {
        "country": "石柱",
        "code": "101042500"
      },
      {
        "country": "大足",
        "code": "101042600"
      },
      {
        "country": "荣昌",
        "code": "101042700"
      },
      {
        "country": "铜梁",
        "code": "101042800"
      },
      {
        "country": "璧山",
        "code": "101042900"
      },
      {
        "country": "丰都",
        "code": "101043000"
      },
      {
        "country": "武隆",
        "code": "101043100"
      },
      {
        "country": "彭水",
        "code": "101043200"
      },
      {
        "country": "綦江",
        "code": "101043300"
      },
      {
        "country": "酉阳",
        "code": "101043400"
      },
      {
        "country": "秀山",
        "code": "101043600"
      },
      {
        "country": "沙坪坝",
        "code": "101043700"
      },
      {
        "country": "永川",
        "code": "101040200"
      }
    ]
  },
  {
    "province": "福建",
    "city": [
      {
        "country": "福州",
        "code": "101230101"
      },
      {
        "country": "泉州",
        "code": "101230501"
      },
      {
        "country": "漳州",
        "code": "101230601"
      },
      {
        "country": "龙岩",
        "code": "101230701"
      },
      {
        "country": "晋江",
        "code": "101230509"
      },
      {
        "country": "南平",
        "code": "101230901"
      },
      {
        "country": "厦门",
        "code": "101230201"
      },
      {
        "country": "宁德",
        "code": "101230301"
      },
      {
        "country": "莆田",
        "code": "101230401"
      },
      {
        "country": "三明",
        "code": "101230801"
      }
    ]
  },
  {
    "province": "甘肃",
    "city": [
      {
        "country": "兰州",
        "code": "101160101"
      },
      {
        "country": "平凉",
        "code": "101160301"
      },
      {
        "country": "庆阳",
        "code": "101160401"
      },
      {
        "country": "武威",
        "code": "101160501"
      },
      {
        "country": "金昌",
        "code": "101160601"
      },
      {
        "country": "嘉峪关",
        "code": "101161401"
      },
      {
        "country": "酒泉",
        "code": "101160801"
      },
      {
        "country": "天水",
        "code": "101160901"
      },
      {
        "country": "武都",
        "code": "101161001"
      },
      {
        "country": "临夏",
        "code": "101161101"
      },
      {
        "country": "合作",
        "code": "101161201"
      },
      {
        "country": "白银",
        "code": "101161301"
      },
      {
        "country": "定西",
        "code": "101160201"
      },
      {
        "country": "张掖",
        "code": "101160701"
      }
    ]
  },
  {
    "province": "广东",
    "city": [
      {
        "country": "广州",
        "code": "101280101"
      },
      {
        "country": "惠州",
        "code": "101280301"
      },
      {
        "country": "梅州",
        "code": "101280401"
      },
      {
        "country": "汕头",
        "code": "101280501"
      },
      {
        "country": "深圳",
        "code": "101280601"
      },
      {
        "country": "珠海",
        "code": "101280701"
      },
      {
        "country": "佛山",
        "code": "101280800"
      },
      {
        "country": "肇庆",
        "code": "101280901"
      },
      {
        "country": "湛江",
        "code": "101281001"
      },
      {
        "country": "江门",
        "code": "101281101"
      },
      {
        "country": "河源",
        "code": "101281201"
      },
      {
        "country": "清远",
        "code": "101281301"
      },
      {
        "country": "云浮",
        "code": "101281401"
      },
      {
        "country": "潮州",
        "code": "101281501"
      },
      {
        "country": "东莞",
        "code": "101281601"
      },
      {
        "country": "中山",
        "code": "101281701"
      },
      {
        "country": "阳江",
        "code": "101281801"
      },
      {
        "country": "揭阳",
        "code": "101281901"
      },
      {
        "country": "茂名",
        "code": "101282001"
      },
      {
        "country": "汕尾",
        "code": "101282101"
      },
      {
        "country": "韶关",
        "code": "101280201"
      }
    ]
  },
  {
    "province": "广西",
    "city": [
      {
        "country": "南宁",
        "code": "101300101"
      },
      {
        "country": "柳州",
        "code": "101300301"
      },
      {
        "country": "来宾",
        "code": "101300401"
      },
      {
        "country": "桂林",
        "code": "101300501"
      },
      {
        "country": "梧州",
        "code": "101300601"
      },
      {
        "country": "防城港",
        "code": "101301401"
      },
      {
        "country": "贵港",
        "code": "101300801"
      },
      {
        "country": "玉林",
        "code": "101300901"
      },
      {
        "country": "百色",
        "code": "101301001"
      },
      {
        "country": "钦州",
        "code": "101301101"
      },
      {
        "country": "河池",
        "code": "101301201"
      },
      {
        "country": "北海",
        "code": "101301301"
      },
      {
        "country": "崇左",
        "code": "101300201"
      },
      {
        "country": "贺州",
        "code": "101300701"
      }
    ]
  },
  {
    "province": "贵州",
    "city": [
      {
        "country": "贵阳",
        "code": "101260101"
      },
      {
        "country": "安顺",
        "code": "101260301"
      },
      {
        "country": "都匀",
        "code": "101260401"
      },
      {
        "country": "兴义",
        "code": "101260906"
      },
      {
        "country": "铜仁",
        "code": "101260601"
      },
      {
        "country": "毕节",
        "code": "101260701"
      },
      {
        "country": "六盘水",
        "code": "101260801"
      },
      {
        "country": "遵义",
        "code": "101260201"
      },
      {
        "country": "凯里",
        "code": "101260501"
      }
    ]
  },
  {
    "province": "云南",
    "city": [
      {
        "country": "昆明",
        "code": "101290101"
      },
      {
        "country": "红河",
        "code": "101290301"
      },
      {
        "country": "文山",
        "code": "101290601"
      },
      {
        "country": "玉溪",
        "code": "101290701"
      },
      {
        "country": "楚雄",
        "code": "101290801"
      },
      {
        "country": "普洱",
        "code": "101290901"
      },
      {
        "country": "昭通",
        "code": "101291001"
      },
      {
        "country": "临沧",
        "code": "101291101"
      },
      {
        "country": "怒江",
        "code": "101291201"
      },
      {
        "country": "香格里拉",
        "code": "101291301"
      },
      {
        "country": "丽江",
        "code": "101291401"
      },
      {
        "country": "德宏",
        "code": "101291501"
      },
      {
        "country": "景洪",
        "code": "101291601"
      },
      {
        "country": "大理",
        "code": "101290201"
      },
      {
        "country": "曲靖",
        "code": "101290401"
      },
      {
        "country": "保山",
        "code": "101290501"
      }
    ]
  },
  {
    "province": "内蒙古",
    "city": [
      {
        "country": "呼和浩特",
        "code": "101080101"
      },
      {
        "country": "乌海",
        "code": "101080301"
      },
      {
        "country": "集宁",
        "code": "101080401"
      },
      {
        "country": "通辽",
        "code": "101080501"
      },
      {
        "country": "阿拉善左旗",
        "code": "101081201"
      },
      {
        "country": "鄂尔多斯",
        "code": "101080701"
      },
      {
        "country": "临河",
        "code": "101080801"
      },
      {
        "country": "锡林浩特",
        "code": "101080901"
      },
      {
        "country": "呼伦贝尔",
        "code": "101081000"
      },
      {
        "country": "乌兰浩特",
        "code": "101081101"
      },
      {
        "country": "包头",
        "code": "101080201"
      },
      {
        "country": "赤峰",
        "code": "101080601"
      }
    ]
  },
  {
    "province": "江西",
    "city": [
      {
        "country": "南昌",
        "code": "101240101"
      },
      {
        "country": "上饶",
        "code": "101240301"
      },
      {
        "country": "抚州",
        "code": "101240401"
      },
      {
        "country": "宜春",
        "code": "101240501"
      },
      {
        "country": "鹰潭",
        "code": "101241101"
      },
      {
        "country": "赣州",
        "code": "101240701"
      },
      {
        "country": "景德镇",
        "code": "101240801"
      },
      {
        "country": "萍乡",
        "code": "101240901"
      },
      {
        "country": "新余",
        "code": "101241001"
      },
      {
        "country": "九江",
        "code": "101240201"
      },
      {
        "country": "吉安",
        "code": "101240601"
      }
    ]
  },
  {
    "province": "湖北",
    "city": [
      {
        "country": "武汉",
        "code": "101200101"
      },
      {
        "country": "黄冈",
        "code": "101200501"
      },
      {
        "country": "荆州",
        "code": "101200801"
      },
      {
        "country": "宜昌",
        "code": "101200901"
      },
      {
        "country": "恩施",
        "code": "101201001"
      },
      {
        "country": "十堰",
        "code": "101201101"
      },
      {
        "country": "神农架",
        "code": "101201201"
      },
      {
        "country": "随州",
        "code": "101201301"
      },
      {
        "country": "荆门",
        "code": "101201401"
      },
      {
        "country": "天门",
        "code": "101201501"
      },
      {
        "country": "仙桃",
        "code": "101201601"
      },
      {
        "country": "潜江",
        "code": "101201701"
      },
      {
        "country": "襄樊",
        "code": "101200201"
      },
      {
        "country": "鄂州",
        "code": "101200301"
      },
      {
        "country": "孝感",
        "code": "101200401"
      },
      {
        "country": "黄石",
        "code": "101200601"
      },
      {
        "country": "咸宁",
        "code": "101200701"
      }
    ]
  },
  {
    "province": "四川",
    "city": [
      {
        "country": "成都",
        "code": "101270101"
      },
      {
        "country": "自贡",
        "code": "101270301"
      },
      {
        "country": "绵阳",
        "code": "101270401"
      },
      {
        "country": "南充",
        "code": "101270501"
      },
      {
        "country": "达州",
        "code": "101270601"
      },
      {
        "country": "遂宁",
        "code": "101270701"
      },
      {
        "country": "广安",
        "code": "101270801"
      },
      {
        "country": "巴中",
        "code": "101270901"
      },
      {
        "country": "泸州",
        "code": "101271001"
      },
      {
        "country": "宜宾",
        "code": "101271101"
      },
      {
        "country": "内江",
        "code": "101271201"
      },
      {
        "country": "资阳",
        "code": "101271301"
      },
      {
        "country": "乐山",
        "code": "101271401"
      },
      {
        "country": "眉山",
        "code": "101271501"
      },
      {
        "country": "凉山",
        "code": "101271601"
      },
      {
        "country": "雅安",
        "code": "101271701"
      },
      {
        "country": "甘孜",
        "code": "101271801"
      },
      {
        "country": "阿坝",
        "code": "101271901"
      },
      {
        "country": "德阳",
        "code": "101272001"
      },
      {
        "country": "广元",
        "code": "101272101"
      },
      {
        "country": "攀枝花",
        "code": "101270201"
      }
    ]
  },
  {
    "province": "宁夏",
    "city": [
      {
        "country": "银川",
        "code": "101170101"
      },
      {
        "country": "中卫",
        "code": "101170501"
      },
      {
        "country": "固原",
        "code": "101170401"
      },
      {
        "country": "石嘴山",
        "code": "101170201"
      },
      {
        "country": "吴忠",
        "code": "101170301"
      }
    ]
  },
  {
    "province": "青海",
    "city": [
      {
        "country": "西宁",
        "code": "101150101"
      },
      {
        "country": "黄南",
        "code": "101150301"
      },
      {
        "country": "海北",
        "code": "101150801"
      },
      {
        "country": "果洛",
        "code": "101150501"
      },
      {
        "country": "玉树",
        "code": "101150601"
      },
      {
        "country": "海西",
        "code": "101150701"
      },
      {
        "country": "海东",
        "code": "101150201"
      },
      {
        "country": "海南",
        "code": "101150401"
      }
    ]
  },
  {
    "province": "山东",
    "city": [
      {
        "country": "济南",
        "code": "101120101"
      },
      {
        "country": "潍坊",
        "code": "101120601"
      },
      {
        "country": "临沂",
        "code": "101120901"
      },
      {
        "country": "菏泽",
        "code": "101121001"
      },
      {
        "country": "滨州",
        "code": "101121101"
      },
      {
        "country": "东营",
        "code": "101121201"
      },
      {
        "country": "威海",
        "code": "101121301"
      },
      {
        "country": "枣庄",
        "code": "101121401"
      },
      {
        "country": "日照",
        "code": "101121501"
      },
      {
        "country": "莱芜",
        "code": "101121601"
      },
      {
        "country": "聊城",
        "code": "101121701"
      },
      {
        "country": "青岛",
        "code": "101120201"
      },
      {
        "country": "淄博",
        "code": "101120301"
      },
      {
        "country": "德州",
        "code": "101120401"
      },
      {
        "country": "烟台",
        "code": "101120501"
      },
      {
        "country": "济宁",
        "code": "101120701"
      },
      {
        "country": "泰安",
        "code": "101120801"
      }
    ]
  },
  {
    "province": "陕西",
    "city": [
      {
        "country": "西安",
        "code": "101110101"
      },
      {
        "country": "延安",
        "code": "101110300"
      },
      {
        "country": "榆林",
        "code": "101110401"
      },
      {
        "country": "铜川",
        "code": "101111001"
      },
      {
        "country": "商洛",
        "code": "101110601"
      },
      {
        "country": "安康",
        "code": "101110701"
      },
      {
        "country": "汉中",
        "code": "101110801"
      },
      {
        "country": "宝鸡",
        "code": "101110901"
      },
      {
        "country": "咸阳",
        "code": "101110200"
      },
      {
        "country": "渭南",
        "code": "101110501"
      }
    ]
  },
  {
    "province": "山西",
    "city": [
      {
        "country": "太原",
        "code": "101100101"
      },
      {
        "country": "临汾",
        "code": "101100701"
      },
      {
        "country": "运城",
        "code": "101100801"
      },
      {
        "country": "朔州",
        "code": "101100901"
      },
      {
        "country": "忻州",
        "code": "101101001"
      },
      {
        "country": "长治",
        "code": "101100501"
      },
      {
        "country": "大同",
        "code": "101100201"
      },
      {
        "country": "阳泉",
        "code": "101100301"
      },
      {
        "country": "晋中",
        "code": "101100401"
      },
      {
        "country": "晋城",
        "code": "101100601"
      },
      {
        "country": "吕梁",
        "code": "101101100"
      }
    ]
  },
  {
    "province": "新疆",
    "city": [
      {
        "country": "乌鲁木齐",
        "code": "101130101"
      },
      {
        "country": "石河子",
        "code": "101130301"
      },
      {
        "country": "昌吉",
        "code": "101130401"
      },
      {
        "country": "吐鲁番",
        "code": "101130501"
      },
      {
        "country": "库尔勒",
        "code": "101130601"
      },
      {
        "country": "阿拉尔",
        "code": "101130701"
      },
      {
        "country": "阿克苏",
        "code": "101130801"
      },
      {
        "country": "喀什",
        "code": "101130901"
      },
      {
        "country": "伊宁",
        "code": "101131001"
      },
      {
        "country": "塔城",
        "code": "101131101"
      },
      {
        "country": "哈密",
        "code": "101131201"
      },
      {
        "country": "和田",
        "code": "101131301"
      },
      {
        "country": "阿勒泰",
        "code": "101131401"
      },
      {
        "country": "阿图什",
        "code": "101131501"
      },
      {
        "country": "博乐",
        "code": "101131601"
      },
      {
        "country": "克拉玛依",
        "code": "101130201"
      }
    ]
  },
  {
    "province": "西藏",
    "city": [
      {
        "country": "拉萨",
        "code": "101140101"
      },
      {
        "country": "山南",
        "code": "101140301"
      },
      {
        "country": "阿里",
        "code": "101140701"
      },
      {
        "country": "昌都",
        "code": "101140501"
      },
      {
        "country": "那曲",
        "code": "101140601"
      },
      {
        "country": "日喀则",
        "code": "101140201"
      },
      {
        "country": "林芝",
        "code": "101140401"
      }
    ]
  },
  {
    "province": "台湾",
    "city": [
      {
        "country": "台北县",
        "code": "101340101"
      },
      {
        "country": "高雄",
        "code": "101340201"
      },
      {
        "country": "台中",
        "code": "101340401"
      }
    ]
  },
  {
    "province": "海南",
    "city": [
      {
        "country": "海口",
        "code": "101310101"
      },
      {
        "country": "三亚",
        "code": "101310201"
      },
      {
        "country": "东方",
        "code": "101310202"
      },
      {
        "country": "临高",
        "code": "101310203"
      },
      {
        "country": "澄迈",
        "code": "101310204"
      },
      {
        "country": "儋州",
        "code": "101310205"
      },
      {
        "country": "昌江",
        "code": "101310206"
      },
      {
        "country": "白沙",
        "code": "101310207"
      },
      {
        "country": "琼中",
        "code": "101310208"
      },
      {
        "country": "定安",
        "code": "101310209"
      },
      {
        "country": "屯昌",
        "code": "101310210"
      },
      {
        "country": "琼海",
        "code": "101310211"
      },
      {
        "country": "文昌",
        "code": "101310212"
      },
      {
        "country": "保亭",
        "code": "101310214"
      },
      {
        "country": "万宁",
        "code": "101310215"
      },
      {
        "country": "陵水",
        "code": "101310216"
      },
      {
        "country": "西沙",
        "code": "101310217"
      },
      {
        "country": "南沙岛",
        "code": "101310220"
      },
      {
        "country": "乐东",
        "code": "101310221"
      },
      {
        "country": "五指山",
        "code": "101310222"
      },
      {
        "country": "琼山",
        "code": "101310102"
      }
    ]
  },
  {
    "province": "湖南",
    "city": [
      {
        "country": "长沙",
        "code": "101250101"
      },
      {
        "country": "株洲",
        "code": "101250301"
      },
      {
        "country": "衡阳",
        "code": "101250401"
      },
      {
        "country": "郴州",
        "code": "101250501"
      },
      {
        "country": "常德",
        "code": "101250601"
      },
      {
        "country": "益阳",
        "code": "101250700"
      },
      {
        "country": "娄底",
        "code": "101250801"
      },
      {
        "country": "邵阳",
        "code": "101250901"
      },
      {
        "country": "岳阳",
        "code": "101251001"
      },
      {
        "country": "张家界",
        "code": "101251101"
      },
      {
        "country": "怀化",
        "code": "101251201"
      },
      {
        "country": "黔阳",
        "code": "101251301"
      },
      {
        "country": "永州",
        "code": "101251401"
      },
      {
        "country": "吉首",
        "code": "101251501"
      },
      {
        "country": "湘潭",
        "code": "101250201"
      }
    ]
  },
  {
    "province": "江苏",
    "city": [
      {
        "country": "南京",
        "code": "101190101"
      },
      {
        "country": "镇江",
        "code": "101190301"
      },
      {
        "country": "苏州",
        "code": "101190401"
      },
      {
        "country": "南通",
        "code": "101190501"
      },
      {
        "country": "扬州",
        "code": "101190601"
      },
      {
        "country": "宿迁",
        "code": "101191301"
      },
      {
        "country": "徐州",
        "code": "101190801"
      },
      {
        "country": "淮安",
        "code": "101190901"
      },
      {
        "country": "连云港",
        "code": "101191001"
      },
      {
        "country": "常州",
        "code": "101191101"
      },
      {
        "country": "泰州",
        "code": "101191201"
      },
      {
        "country": "无锡",
        "code": "101190201"
      },
      {
        "country": "盐城",
        "code": "101190701"
      }
    ]
  },
  {
    "province": "黑龙江",
    "city": [
      {
        "country": "哈尔滨",
        "code": "101050101"
      },
      {
        "country": "牡丹江",
        "code": "101050301"
      },
      {
        "country": "佳木斯",
        "code": "101050401"
      },
      {
        "country": "绥化",
        "code": "101050501"
      },
      {
        "country": "黑河",
        "code": "101050601"
      },
      {
        "country": "双鸭山",
        "code": "101051301"
      },
      {
        "country": "伊春",
        "code": "101050801"
      },
      {
        "country": "大庆",
        "code": "101050901"
      },
      {
        "country": "七台河",
        "code": "101051002"
      },
      {
        "country": "鸡西",
        "code": "101051101"
      },
      {
        "country": "鹤岗",
        "code": "101051201"
      },
      {
        "country": "齐齐哈尔",
        "code": "101050201"
      },
      {
        "country": "大兴安岭",
        "code": "101050701"
      }
    ]
  },
  {
    "province": "吉林",
    "city": [
      {
        "country": "长春",
        "code": "101060101"
      },
      {
        "country": "延吉",
        "code": "101060301"
      },
      {
        "country": "四平",
        "code": "101060401"
      },
      {
        "country": "白山",
        "code": "101060901"
      },
      {
        "country": "白城",
        "code": "101060601"
      },
      {
        "country": "辽源",
        "code": "101060701"
      },
      {
        "country": "松原",
        "code": "101060801"
      },
      {
        "country": "吉林",
        "code": "101060201"
      },
      {
        "country": "通化",
        "code": "101060501"
      }
    ]
  },
  {
    "province": "辽宁",
    "city": [
      {
        "country": "沈阳",
        "code": "101070101"
      },
      {
        "country": "鞍山",
        "code": "101070301"
      },
      {
        "country": "抚顺",
        "code": "101070401"
      },
      {
        "country": "本溪",
        "code": "101070501"
      },
      {
        "country": "丹东",
        "code": "101070601"
      },
      {
        "country": "葫芦岛",
        "code": "101071401"
      },
      {
        "country": "营口",
        "code": "101070801"
      },
      {
        "country": "阜新",
        "code": "101070901"
      },
      {
        "country": "辽阳",
        "code": "101071001"
      },
      {
        "country": "铁岭",
        "code": "101071101"
      },
      {
        "country": "朝阳",
        "code": "101071201"
      },
      {
        "country": "盘锦",
        "code": "101071301"
      },
      {
        "country": "大连",
        "code": "101070201"
      },
      {
        "country": "锦州",
        "code": "101070701"
      }
    ]
  }
]
